id_jugador,nombre,nombre_equipo,posicion,altura,peso,fecha_nacimiento,pais,url_imagen
1630173,Precious Achiuwa,New York Knicks,Forward,203.2,110.3,1999-09-19,Nigeria,https://cdn.nba.com/headshots/nba/latest/1040x760/1630173.png
203500,Steven Adams,Houston Rockets,Center,210.8,120.2,1993-07-20,New Zealand,https://cdn.nba.com/headshots/nba/latest/1040x760/203500.png
1628389,Bam Adebayo,Miami Heat,Center-Forward,205.7,115.7,1997-07-18,USA,https://cdn.nba.com/headshots/nba/latest/1040x760/1628389.png
1630534,Ochai Agbaji,Toronto Raptors,Guard,195.6,97.6,2000-04-20,USA,https://cdn.nba.com/headshots/nba/latest/1040x760/1630534.png
1630583,Santi Aldama,Memphis Grizzlies,Forward-Center,213.4,97.6,2001-01-10,Spain,https://cdn.nba.com/headshots/nba/latest/1040x760/1630583.png
1641725,Trey Alexander,Denver Nuggets,Guard,193,83.9,2003-05-02,USA,https://cdn.nba.com/headshots/nba/latest/1040x760/1641725.png
1629638,Nickeil Alexander-Walker,Minnesota Timberwolves,Guard,195.6,93,1998-09-02,Canada,https://cdn.nba.com/headshots/nba/latest/1040x760/1629638.png
1628960,Grayson Allen,Phoenix Suns,Guard,193,89.8,1995-10-08,USA,https://cdn.nba.com/headshots/nba/latest/1040x760/1628960.png
1628386,Jarrett Allen,Cleveland Cavaliers,Center,205.7,110.3,1998-04-21,USA,https://cdn.nba.com/headshots/nba/latest/1040x760/1628386.png
1630631,Jose Alvarado,New Orleans Pelicans,Guard,182.9,81.2,1998-04-12,USA,https://cdn.nba.com/headshots/nba/latest/1040x760/1630631.png
203937,Kyle Anderson,Miami Heat,Forward-Guard,205.7,104.4,1993-09-20,USA,https://cdn.nba.com/headshots/nba/latest/1040x760/203937.png
203507,Giannis Antetokounmpo,Milwaukee Bucks,Forward,210.8,110.3,1994-12-06,Greece,https://cdn.nba.com/headshots/nba/latest/1040x760/203507.png
1630175,Cole Anthony,Orlando Magic,Guard,188,83.9,2000-05-15,USA,https://cdn.nba.com/headshots/nba/latest/1040x760/1630175.png
1628384,OG Anunoby,New York Knicks,Forward-Guard,200.7,108.9,1997-07-17,United Kingdom,https://cdn.nba.com/headshots/nba/latest/1040x760/1628384.png
1630166,Deni Avdija,Portland Trail Blazers,Forward,205.7,108.9,2001-01-03,Israel,https://cdn.nba.com/headshots/nba/latest/1040x760/1630166.png
1629028,Deandre Ayton,Portland Trail Blazers,Center,213.4,114.3,1998-07-23,Bahamas,https://cdn.nba.com/headshots/nba/latest/1040x760/1629028.png
1628963,Marvin Bagley III,Memphis Grizzlies,Forward,208.3,106.6,1999-03-14,USA,https://cdn.nba.com/headshots/nba/latest/1040x760/1628963.png
1631116,Patrick Baldwin Jr.,,Forward,205.7,99.8,2002-11-18,USA,https://cdn.nba.com/headshots/nba/latest/1040x760/1631116.png
1630163,LaMelo Ball,Charlotte Hornets,Guard,200.7,81.7,2001-08-22,USA,https://cdn.nba.com/headshots/nba/latest/1040x760/1630163.png
1628366,Lonzo Ball,Chicago Bulls,Guard,198.1,86.2,1997-10-27,USA,https://cdn.nba.com/headshots/nba/latest/1040x760/1628366.png
1628964,Mo Bamba,,Center,213.4,104.8,1998-05-12,USA,https://cdn.nba.com/headshots/nba/latest/1040x760/1628964.png
1631094,Paolo Banchero,Orlando Magic,Forward,208.3,113.4,2002-11-12,USA,https://cdn.nba.com/headshots/nba/latest/1040x760/1631094.png
1630217,Desmond Bane,Memphis Grizzlies,Guard,195.6,97.6,1998-06-25,USA,https://cdn.nba.com/headshots/nba/latest/1040x760/1630217.png
1630625,Dalano Banton,Portland Trail Blazers,Forward,203.2,92.1,1999-11-07,Canada,https://cdn.nba.com/headshots/nba/latest/1040x760/1630625.png
1631230,Dominick Barlow,Atlanta Hawks,Forward,203.2,97.6,2003-05-26,USA,https://cdn.nba.com/headshots/nba/latest/1040x760/1631230.png
203084,Harrison Barnes,San Antonio Spurs,Forward,203.2,102.1,1992-05-30,USA,https://cdn.nba.com/headshots/nba/latest/1040x760/203084.png
1630567,Scottie Barnes,Toronto Raptors,Forward-Guard,200.7,107.5,2001-08-01,USA,https://cdn.nba.com/headshots/nba/latest/1040x760/1630567.png
1629628,RJ Barrett,Toronto Raptors,Forward-Guard,198.1,97.1,2000-06-14,Canada,https://cdn.nba.com/headshots/nba/latest/1040x760/1629628.png
1629646,Charles Bassey,San Antonio Spurs,Center-Forward,208.3,104.4,2000-10-28,Nigeria,https://cdn.nba.com/headshots/nba/latest/1040x760/1629646.png
1641734,Emoni Bates,Cleveland Cavaliers,Forward,203.2,77.1,2004-01-28,USA,https://cdn.nba.com/headshots/nba/latest/1040x760/1641734.png
1642419,Jamison Battle,Toronto Raptors,Forward,200.7,99.8,2001-05-10,USA,https://cdn.nba.com/headshots/nba/latest/1040x760/1642419.png
201587,Nicolas Batum,LA Clippers,Guard-Forward,203.2,104.4,1988-12-14,France,https://cdn.nba.com/headshots/nba/latest/1040x760/201587.png
203078,Bradley Beal,Phoenix Suns,Guard,193,93.9,1993-06-28,USA,https://cdn.nba.com/headshots/nba/latest/1040x760/203078.png
1627736,Malik Beasley,Detroit Pistons,Guard,193,84.9,1996-11-26,USA,https://cdn.nba.com/headshots/nba/latest/1040x760/1627736.png
1630699,MarJon Beauchamp,LA Clippers,Forward,200.7,90.3,2000-10-12,USA,https://cdn.nba.com/headshots/nba/latest/1040x760/1630699.png
1641736,Reece Beekman,Brooklyn Nets,Guard,190.5,86.2,2001-10-08,USA,https://cdn.nba.com/headshots/nba/latest/1040x760/1641736.png
1630180,Saddiq Bey,Washington Wizards,Guard-Forward,200.7,97.6,1999-04-09,USA,https://cdn.nba.com/headshots/nba/latest/1040x760/1630180.png
1629048,Goga Bitadze,Orlando Magic,Center-Forward,208.3,113.4,1999-07-20,Georgia,https://cdn.nba.com/headshots/nba/latest/1040x760/1629048.png
1641710,Anthony Black,Orlando Magic,Guard,200.7,90.7,2004-01-20,USA,https://cdn.nba.com/headshots/nba/latest/1040x760/1641710.png
203992,Bogdan Bogdanović,LA Clippers,Guard,195.6,102.1,1992-08-18,Serbia,https://cdn.nba.com/headshots/nba/latest/1040x760/203992.png
202711,Bojan Bogdanović,New York Knicks,Forward,200.7,102.5,1989-04-18,Croatia,https://cdn.nba.com/headshots/nba/latest/1040x760/202711.png
1629626,Bol Bol,Phoenix Suns,Center-Forward,221,99.8,1999-11-16,Sudan,https://cdn.nba.com/headshots/nba/latest/1040x760/1629626.png
1641737,Adem Bona,Philadelphia 76ers,Forward,208.3,106.6,2003-03-28,Nigeria,https://cdn.nba.com/headshots/nba/latest/1040x760/1641737.png
1626164,Devin Booker,Phoenix Suns,Guard,198.1,93.5,1996-10-30,USA,https://cdn.nba.com/headshots/nba/latest/1040x760/1626164.png
1630527,Brandon Boston,New Orleans Pelicans,Guard,198.1,85.3,2001-11-28,USA,https://cdn.nba.com/headshots/nba/latest/1040x760/1630527.png
1628449,Chris Boucher,Toronto Raptors,Forward,205.7,90.7,1993-01-11,Saint Lucia,https://cdn.nba.com/headshots/nba/latest/1040x760/1628449.png
1631103,Malaki Branham,San Antonio Spurs,Forward,193,81.7,2003-05-12,USA,https://cdn.nba.com/headshots/nba/latest/1040x760/1631103.png
1631128,Christian Braun,Denver Nuggets,Guard,198.1,99.8,2001-04-17,USA,https://cdn.nba.com/headshots/nba/latest/1040x760/1631128.png
1641779,Jalen Bridges,Phoenix Suns,Forward,203.2,102.1,2001-05-14,USA,https://cdn.nba.com/headshots/nba/latest/1040x760/1641779.png
1628969,Mikal Bridges,New York Knicks,Guard-Forward,198.1,94.8,1996-08-30,USA,https://cdn.nba.com/headshots/nba/latest/1040x760/1628969.png
1628970,Miles Bridges,Charlotte Hornets,Forward,200.7,102.1,1998-03-21,USA,https://cdn.nba.com/headshots/nba/latest/1040x760/1628970.png
1627763,Malcolm Brogdon,Washington Wizards,Guard,193,103.9,1992-12-11,USA,https://cdn.nba.com/headshots/nba/latest/1040x760/1627763.png
1628415,Dillon Brooks,Houston Rockets,Guard-Forward,198.1,102.1,1996-01-22,Canada,https://cdn.nba.com/headshots/nba/latest/1040x760/1628415.png
1631232,Keion Brooks Jr.,New Orleans Pelicans,Forward,200.7,95.3,2000-08-07,USA,https://cdn.nba.com/headshots/nba/latest/1040x760/1631232.png
1628971,Bruce Brown,New Orleans Pelicans,Guard-Forward,193,91.7,1996-08-15,USA,https://cdn.nba.com/headshots/nba/latest/1040x760/1628971.png
1627759,Jaylen Brown,Boston Celtics,Guard-Forward,198.1,101.2,1996-10-24,USA,https://cdn.nba.com/headshots/nba/latest/1040x760/1627759.png
1641738,Kobe Brown,LA Clippers,Forward,200.7,113.4,2000-01-01,USA,https://cdn.nba.com/headshots/nba/latest/1040x760/1641738.png
1629650,Moses Brown,Dallas Mavericks,Center,218.4,117.1,1999-10-13,USA,https://cdn.nba.com/headshots/nba/latest/1040x760/1629650.png
1628973,Jalen Brunson,New York Knicks,Guard,188,86.2,1996-08-31,USA,https://cdn.nba.com/headshots/nba/latest/1040x760/1628973.png
1628418,Thomas Bryant,Indiana Pacers,Center-Forward,208.3,112.5,1997-07-31,USA,https://cdn.nba.com/headshots/nba/latest/1040x760/1628418.png
1641723,Kobe Bufkin,Atlanta Hawks,Guard,193,88.5,2003-09-21,USA,https://cdn.nba.com/headshots/nba/latest/1040x760/1641723.png
202692,Alec Burks,Miami Heat,Guard,195.6,97.1,1991-07-20,USA,https://cdn.nba.com/headshots/nba/latest/1040x760/202692.png
1630215,Jared Butler,Philadelphia 76ers,Guard,190.5,87.6,2000-08-25,USA,https://cdn.nba.com/headshots/nba/latest/1040x760/1630215.png
202710,Jimmy Butler III,Golden State Warriors,Forward,200.7,104.4,1989-09-14,USA,https://cdn.nba.com/headshots/nba/latest/1040x760/202710.png
1641824,Matas Buzelis,Chicago Bulls,Forward,208.3,94.8,2004-10-13,USA,https://cdn.nba.com/headshots/nba/latest/1040x760/1641824.png
1631288,Jamal Cain,New Orleans Pelicans,Forward,198.1,86.7,1999-03-20,USA,https://cdn.nba.com/headshots/nba/latest/1040x760/1631288.png
203484,Kentavious Caldwell-Pope,Orlando Magic,Guard,195.6,92.6,1993-02-18,USA,https://cdn.nba.com/headshots/nba/latest/1040x760/203484.png
1641739,Toumani Camara,Portland Trail Blazers,Forward,200.7,103.9,2000-05-08,Belgium,https://cdn.nba.com/headshots/nba/latest/1040x760/1641739.png
203991,Clint Capela,Atlanta Hawks,Center,208.3,116.2,1994-05-18,Switzerland,https://cdn.nba.com/headshots/nba/latest/1040x760/203991.png
1642382,Branden Carlson,Oklahoma City Thunder,Center,213.4,99.8,1999-06-14,USA,https://cdn.nba.com/headshots/nba/latest/1040x760/1642382.png
1642267,Bub Carrington,Washington Wizards,Guard,193,86.2,2005-07-21,USA,https://cdn.nba.com/headshots/nba/latest/1040x760/1642267.png
1642269,Devin Carter,Sacramento Kings,Guard,188,88.5,2002-03-18,USA,https://cdn.nba.com/headshots/nba/latest/1040x760/1642269.png
1628975,Jevon Carter,Chicago Bulls,Guard,185.4,90.7,1995-09-14,USA,https://cdn.nba.com/headshots/nba/latest/1040x760/1628975.png
1628976,Wendell Carter Jr.,Orlando Magic,Center-Forward,208.3,122.5,1999-04-16,USA,https://cdn.nba.com/headshots/nba/latest/1040x760/1628976.png
1630618,D.J. Carton,,Guard,190.5,90.7,2000-08-05,USA,https://cdn.nba.com/headshots/nba/latest/1040x760/1630618.png
1627936,Alex Caruso,Oklahoma City Thunder,Guard,195.6,84.4,1994-02-28,USA,https://cdn.nba.com/headshots/nba/latest/1040x760/1627936.png
1642264,Stephon Castle,San Antonio Spurs,Guard,198.1,97.6,2004-11-01,USA,https://cdn.nba.com/headshots/nba/latest/1040x760/1642264.png
1630658,Colin Castleton,,Center,208.3,113.4,2000-05-25,USA,https://cdn.nba.com/headshots/nba/latest/1040x760/1630658.png
1630577,Julian Champagnie,San Antonio Spurs,Forward,200.7,98.5,2001-06-29,USA,https://cdn.nba.com/headshots/nba/latest/1040x760/1630577.png
1630551,Justin Champagnie,Washington Wizards,Guard-Forward,198.1,93.5,2001-06-29,USA,https://cdn.nba.com/headshots/nba/latest/1040x760/1630551.png
1642279,Ulrich Chomche,Toronto Raptors,Center,210.8,106.6,2005-12-30,Cameroon,https://cdn.nba.com/headshots/nba/latest/1040x760/1642279.png
1642353,Cam Christie,LA Clippers,Guard,198.1,86.2,2005-07-24,USA,https://cdn.nba.com/headshots/nba/latest/1040x760/1642353.png
1631108,Max Christie,Dallas Mavericks,Guard,195.6,86.2,2003-02-10,USA,https://cdn.nba.com/headshots/nba/latest/1040x760/1631108.png
1630528,Josh Christopher,Miami Heat,Guard,193,97.6,2001-12-08,USA,https://cdn.nba.com/headshots/nba/latest/1040x760/1630528.png
1631321,Sidy Cissoko,Portland Trail Blazers,Guard,198.1,90.7,2004-04-02,France,https://cdn.nba.com/headshots/nba/latest/1040x760/1631321.png
1641740,Jaylen Clark,Minnesota Timberwolves,Guard,193,93,2001-10-13,USA,https://cdn.nba.com/headshots/nba/latest/1040x760/1641740.png
1629634,Brandon Clarke,Memphis Grizzlies,Forward,203.2,97.6,1996-09-19,Canada,https://cdn.nba.com/headshots/nba/latest/1040x760/1629634.png
203903,Jordan Clarkson,Utah Jazz,Guard,190.5,88,1992-06-07,USA,https://cdn.nba.com/headshots/nba/latest/1040x760/203903.png
1629651,Nic Claxton,Brooklyn Nets,Center,210.8,97.6,1999-04-17,USA,https://cdn.nba.com/headshots/nba/latest/1040x760/1629651.png
1642270,Donovan Clingan,Portland Trail Blazers,Center,218.4,127,2004-02-23,USA,https://cdn.nba.com/headshots/nba/latest/1040x760/1642270.png
1641730,Noah Clowney,Brooklyn Nets,Forward-Center,205.7,95.3,2004-07-14,USA,https://cdn.nba.com/headshots/nba/latest/1040x760/1641730.png
1629599,Amir Coffey,LA Clippers,Guard-Forward,200.7,95.3,1997-06-17,USA,https://cdn.nba.com/headshots/nba/latest/1040x760/1629599.png
1642268,Isaiah Collier,Utah Jazz,Guard,190.5,95.3,2004-10-08,USA,https://cdn.nba.com/headshots/nba/latest/1040x760/1642268.png
1628381,John Collins,Utah Jazz,Forward-Center,205.7,102.5,1997-09-23,USA,https://cdn.nba.com/headshots/nba/latest/1040x760/1628381.png
1628380,Zach Collins,Chicago Bulls,Forward-Center,210.8,113.4,1997-11-19,USA,https://cdn.nba.com/headshots/nba/latest/1040x760/1628380.png
201144,Mike Conley,Minnesota Timberwolves,Guard,182.9,79.4,1987-10-11,USA,https://cdn.nba.com/headshots/nba/latest/1040x760/201144.png
1626192,Pat Connaughton,Milwaukee Bucks,Guard,195.6,94.8,1993-01-06,USA,https://cdn.nba.com/headshots/nba/latest/1040x760/1626192.png
1641731,Bilal Coulibaly,Washington Wizards,Guard,203.2,88.5,2004-07-26,France,https://cdn.nba.com/headshots/nba/latest/1040x760/1641731.png
1641741,Ricky Council IV,Philadelphia 76ers,Guard,198.1,93.9,2001-08-03,USA,https://cdn.nba.com/headshots/nba/latest/1040x760/1641741.png
1628470,Torrey Craig,Boston Celtics,Forward,195.6,100.3,1990-12-19,USA,https://cdn.nba.com/headshots/nba/latest/1040x760/1628470.png
1642384,Isaiah Crawford,Sacramento Kings,Forward,198.1,99.8,2001-11-01,USA,https://cdn.nba.com/headshots/nba/latest/1040x760/1642384.png
203109,Jae Crowder,Sacramento Kings,Forward,198.1,106.6,1990-07-06,USA,https://cdn.nba.com/headshots/nba/latest/1040x760/203109.png
1630595,Cade Cunningham,Detroit Pistons,Guard,198.1,99.8,2001-09-25,USA,https://cdn.nba.com/headshots/nba/latest/1040x760/1630595.png
203552,Seth Curry,Charlotte Hornets,Guard,185.4,83.9,1990-08-23,USA,https://cdn.nba.com/headshots/nba/latest/1040x760/203552.png
201939,Stephen Curry,Golden State Warriors,Guard,188,83.9,1988-03-14,USA,https://cdn.nba.com/headshots/nba/latest/1040x760/201939.png
1642359,Pacome Dadiet,New York Knicks,Forward,203.2,95.3,2005-07-27,France,https://cdn.nba.com/headshots/nba/latest/1040x760/1642359.png
1630700,Dyson Daniels,Atlanta Hawks,Guard,200.7,90.3,2003-03-17,Australia,https://cdn.nba.com/headshots/nba/latest/1040x760/1630700.png
1642368,N'Faly Dante,Houston Rockets,Center,210.8,104.4,2001-10-19,Mali,https://cdn.nba.com/headshots/nba/latest/1040x760/1642368.png
203076,Anthony Davis,Dallas Mavericks,Forward-Center,208.3,114.8,1993-03-11,USA,https://cdn.nba.com/headshots/nba/latest/1040x760/203076.png
1631098,Johnny Davis,,Guard,193,88.5,2002-02-27,USA,https://cdn.nba.com/headshots/nba/latest/1040x760/1631098.png
1631120,JD Davison,Boston Celtics,Guard,185.4,88.5,2002-10-03,USA,https://cdn.nba.com/headshots/nba/latest/1040x760/1631120.png
201942,DeMar DeRozan,Sacramento Kings,Guard-Forward,198.1,99.8,1989-08-07,USA,https://cdn.nba.com/headshots/nba/latest/1040x760/201942.png
1642484,RayJ Dennis,Indiana Pacers,Guard,188,81.7,2001-03-30,USA,https://cdn.nba.com/headshots/nba/latest/1040x760/1642484.png
1628978,Donte DiVincenzo,Minnesota Timberwolves,Guard,193,92.1,1997-01-31,USA,https://cdn.nba.com/headshots/nba/latest/1040x760/1628978.png
1631217,Moussa Diabaté,Charlotte Hornets,Forward,205.7,95.3,2002-01-21,France,https://cdn.nba.com/headshots/nba/latest/1040x760/1631217.png
1641711,Gradey Dick,Toronto Raptors,Guard-Forward,198.1,90.7,2003-11-20,USA,https://cdn.nba.com/headshots/nba/latest/1040x760/1641711.png
1631172,Ousmane Dieng,Oklahoma City Thunder,Forward,205.7,83.9,2003-05-21,France,https://cdn.nba.com/headshots/nba/latest/1040x760/1631172.png
1642265,Rob Dillingham,Minnesota Timberwolves,Guard,190.5,79.4,2005-01-04,USA,https://cdn.nba.com/headshots/nba/latest/1040x760/1642265.png
203915,Spencer Dinwiddie,Dallas Mavericks,Guard,195.6,97.6,1993-04-06,USA,https://cdn.nba.com/headshots/nba/latest/1040x760/203915.png
1629029,Luka Doncic,Los Angeles Lakers,Forward-Guard,198.1,104.4,1999-02-28,Slovenia,https://cdn.nba.com/headshots/nba/latest/1040x760/1629029.png
1629652,Luguentz Dort,Oklahoma City Thunder,Guard,193,99.8,1999-04-19,Canada,https://cdn.nba.com/headshots/nba/latest/1040x760/1629652.png
1630245,Ayo Dosunmu,Chicago Bulls,Guard,195.6,90.7,2000-01-17,USA,https://cdn.nba.com/headshots/nba/latest/1040x760/1630245.png
1630288,Jeff Dowtin Jr.,Philadelphia 76ers,Guard,190.5,80.3,1997-05-10,USA,https://cdn.nba.com/headshots/nba/latest/1040x760/1630288.png
1628408,PJ Dozier,,Guard-Forward,198.1,93,1996-10-25,USA,https://cdn.nba.com/headshots/nba/latest/1040x760/1628408.png
203083,Andre Drummond,Philadelphia 76ers,Center,210.8,126.6,1993-08-10,USA,https://cdn.nba.com/headshots/nba/latest/1040x760/203083.png
1630537,Chris Duarte,,Guard,195.6,86.2,1997-06-13,Dominican Republic,https://cdn.nba.com/headshots/nba/latest/1040x760/1630537.png
1642505,Alex Ducas,Oklahoma City Thunder,Guard,200.7,99.8,2000-12-11,Australia,https://cdn.nba.com/headshots/nba/latest/1040x760/1642505.png
1630561,David Duke Jr.,San Antonio Spurs,Guard,193,92.6,1999-10-13,USA,https://cdn.nba.com/headshots/nba/latest/1040x760/1630561.png
1627739,Kris Dunn,LA Clippers,Guard,190.5,93,1994-03-18,USA,https://cdn.nba.com/headshots/nba/latest/1040x760/1627739.png
1642346,Ryan Dunn,Phoenix Suns,Forward,203.2,98,2003-01-07,USA,https://cdn.nba.com/headshots/nba/latest/1040x760/1642346.png
201142,Kevin Durant,Phoenix Suns,Forward,210.8,108.9,1988-09-29,USA,https://cdn.nba.com/headshots/nba/latest/1040x760/201142.png
1631105,Jalen Duren,Detroit Pistons,Center,208.3,113.4,2003-11-18,USA,https://cdn.nba.com/headshots/nba/latest/1040x760/1631105.png
1631106,Tari Eason,Houston Rockets,Forward,203.2,97.6,2001-05-10,USA,https://cdn.nba.com/headshots/nba/latest/1040x760/1631106.png
1641744,Zach Edey,Memphis Grizzlies,Center,223.5,138.4,2002-05-14,Canada,https://cdn.nba.com/headshots/nba/latest/1040x760/1641744.png
1630162,Anthony Edwards,Minnesota Timberwolves,Guard,193,102.1,2001-08-05,USA,https://cdn.nba.com/headshots/nba/latest/1040x760/1630162.png
1642399,Jesse Edwards,Minnesota Timberwolves,Center,213.4,107.1,2000-03-18,Netherlands,https://cdn.nba.com/headshots/nba/latest/1040x760/1642399.png
1642348,Justin Edwards,Philadelphia 76ers,Forward,200.7,92.1,2003-12-16,USA,https://cdn.nba.com/headshots/nba/latest/1040x760/1642348.png
1630556,Kessler Edwards,Dallas Mavericks,Forward,200.7,92.1,2000-08-09,USA,https://cdn.nba.com/headshots/nba/latest/1040x760/1630556.png
1631165,Keon Ellis,Sacramento Kings,Guard,193,79.4,2000-01-08,USA,https://cdn.nba.com/headshots/nba/latest/1040x760/1631165.png
203954,Joel Embiid,Philadelphia 76ers,Center-Forward,213.4,127,1994-03-16,Cameroon,https://cdn.nba.com/headshots/nba/latest/1040x760/203954.png
1629234,Drew Eubanks,LA Clippers,Forward-Center,208.3,111.2,1997-02-01,USA,https://cdn.nba.com/headshots/nba/latest/1040x760/1629234.png
1641787,Tosan Evbuomwan,Brooklyn Nets,Forward,200.7,98.5,2001-02-16,United Kingdom,https://cdn.nba.com/headshots/nba/latest/1040x760/1641787.png
203957,Danté Exum,Dallas Mavericks,Guard,195.6,97.1,1995-07-13,Australia,https://cdn.nba.com/headshots/nba/latest/1040x760/203957.png
1628981,Bruno Fernando,,Forward-Center,205.7,108.9,1998-08-15,Angola,https://cdn.nba.com/headshots/nba/latest/1040x760/1628981.png
1642271,Kyle Filipowski,Utah Jazz,Center,210.8,113.4,2003-11-07,USA,https://cdn.nba.com/headshots/nba/latest/1040x760/1642271.png
1627827,Dorian Finney-Smith,Los Angeles Lakers,Forward,200.7,99.8,1993-05-04,USA,https://cdn.nba.com/headshots/nba/latest/1040x760/1627827.png
1641745,Adam Flagler,Oklahoma City Thunder,Guard,190.5,81.7,1999-12-01,USA,https://cdn.nba.com/headshots/nba/latest/1040x760/1641745.png
1642280,Trentyn Flowers,LA Clippers,Forward,205.7,83.9,2005-03-08,USA,https://cdn.nba.com/headshots/nba/latest/1040x760/1642280.png
1631323,Simone Fontecchio,Detroit Pistons,Forward,200.7,94.8,1995-12-09,Italy,https://cdn.nba.com/headshots/nba/latest/1040x760/1631323.png
1628368,De'Aaron Fox,San Antonio Spurs,Guard,190.5,83.9,1997-12-20,USA,https://cdn.nba.com/headshots/nba/latest/1040x760/1628368.png
1642402,Enrique Freeman,Indiana Pacers,Forward,200.7,99.8,2000-07-29,USA,https://cdn.nba.com/headshots/nba/latest/1040x760/1642402.png
1642277,Johnny Furphy,Indiana Pacers,Guard,205.7,90.7,2004-12-08,Australia,https://cdn.nba.com/headshots/nba/latest/1040x760/1642277.png
1629655,Daniel Gafford,Dallas Mavericks,Forward-Center,208.3,120.2,1998-10-01,USA,https://cdn.nba.com/headshots/nba/latest/1040x760/1629655.png
1629636,Darius Garland,Cleveland Cavaliers,Guard,185.4,87.1,2000-01-26,USA,https://cdn.nba.com/headshots/nba/latest/1040x760/1629636.png
1630568,Luka Garza,Minnesota Timberwolves,Center,208.3,110.3,1998-12-27,USA,https://cdn.nba.com/headshots/nba/latest/1040x760/1630568.png
1641718,Keyonte George,Utah Jazz,Guard,193,83.9,2003-11-08,USA,https://cdn.nba.com/headshots/nba/latest/1040x760/1641718.png
1642273,Kyshawn George,Washington Wizards,Forward,203.2,90.7,2003-12-12,Switzerland,https://cdn.nba.com/headshots/nba/latest/1040x760/1642273.png
202331,Paul George,Philadelphia 76ers,Forward,203.2,99.8,1990-05-02,USA,https://cdn.nba.com/headshots/nba/latest/1040x760/202331.png
201959,Taj Gibson,Charlotte Hornets,Forward,205.7,105.3,1985-06-24,USA,https://cdn.nba.com/headshots/nba/latest/1040x760/201959.png
1630581,Josh Giddey,Chicago Bulls,Guard,203.2,98,2002-10-10,Australia,https://cdn.nba.com/headshots/nba/latest/1040x760/1630581.png
1628983,Shai Gilgeous-Alexander,Oklahoma City Thunder,Guard,198.1,88.5,1998-07-12,Canada,https://cdn.nba.com/headshots/nba/latest/1040x760/1628983.png
1630264,Anthony Gill,Washington Wizards,Forward,203.2,104.4,1992-10-17,USA,https://cdn.nba.com/headshots/nba/latest/1040x760/1630264.png
1631221,Collin Gillespie,Phoenix Suns,Guard,185.4,88.5,1999-06-25,USA,https://cdn.nba.com/headshots/nba/latest/1040x760/1631221.png
203497,Rudy Gobert,Minnesota Timberwolves,Center,215.9,117.1,1992-06-26,France,https://cdn.nba.com/headshots/nba/latest/1040x760/203497.png
203932,Aaron Gordon,Denver Nuggets,Forward,203.2,106.6,1995-09-16,USA,https://cdn.nba.com/headshots/nba/latest/1040x760/203932.png
201569,Eric Gordon,Philadelphia 76ers,Guard,190.5,97.6,1988-12-25,USA,https://cdn.nba.com/headshots/nba/latest/1040x760/201569.png
1641789,Jazian Gortman,,Guard,188,83.5,2003-03-14,USA,https://cdn.nba.com/headshots/nba/latest/1040x760/1641789.png
203924,Jerami Grant,Portland Trail Blazers,Forward,200.7,95.3,1994-03-12,USA,https://cdn.nba.com/headshots/nba/latest/1040x760/203924.png
1631260,AJ Green,Milwaukee Bucks,Guard,193,86.2,1999-09-27,USA,https://cdn.nba.com/headshots/nba/latest/1040x760/1631260.png
203110,Draymond Green,Golden State Warriors,Forward,198.1,104.4,1990-03-04,USA,https://cdn.nba.com/headshots/nba/latest/1040x760/203110.png
1630224,Jalen Green,Houston Rockets,Guard,193,84.4,2002-02-09,USA,https://cdn.nba.com/headshots/nba/latest/1040x760/1630224.png
1629750,Javonte Green,Cleveland Cavaliers,Guard,195.6,93,1993-07-23,USA,https://cdn.nba.com/headshots/nba/latest/1040x760/1629750.png
201145,Jeff Green,Houston Rockets,Forward,203.2,106.6,1986-08-28,USA,https://cdn.nba.com/headshots/nba/latest/1040x760/201145.png
1630182,Josh Green,Charlotte Hornets,Guard,195.6,90.7,2000-11-16,Australia,https://cdn.nba.com/headshots/nba/latest/1040x760/1630182.png
1629656,Quentin Grimes,Philadelphia 76ers,Guard,193,95.3,2000-05-08,USA,https://cdn.nba.com/headshots/nba/latest/1040x760/1629656.png
1631243,Mouhamed Gueye,Atlanta Hawks,Forward,208.3,95.3,2002-11-09,Senegal,https://cdn.nba.com/headshots/nba/latest/1040x760/1631243.png
1629060,Rui Hachimura,Los Angeles Lakers,Forward,203.2,104.4,1998-02-08,Japan,https://cdn.nba.com/headshots/nba/latest/1040x760/1629060.png
1630169,Tyrese Haliburton,Indiana Pacers,Guard,195.6,83.9,2000-02-29,USA,https://cdn.nba.com/headshots/nba/latest/1040x760/1630169.png
1641790,PJ Hall,Denver Nuggets,Center,208.3,111.2,2002-02-21,USA,https://cdn.nba.com/headshots/nba/latest/1040x760/1641790.png
203501,Tim Hardaway Jr.,Detroit Pistons,Guard-Forward,195.6,93,1992-03-16,USA,https://cdn.nba.com/headshots/nba/latest/1040x760/203501.png
201935,James Harden,LA Clippers,Guard,195.6,99.8,1989-08-26,USA,https://cdn.nba.com/headshots/nba/latest/1040x760/201935.png
1630702,Jaden Hardy,Dallas Mavericks,Guard,190.5,89.8,2002-07-05,USA,https://cdn.nba.com/headshots/nba/latest/1040x760/1630702.png
1641989,Elijah Harkless,Utah Jazz,Guard,190.5,88.5,2000-02-03,USA,https://cdn.nba.com/headshots/nba/latest/1040x760/1641989.png
1631199,Ron Harper Jr.,Detroit Pistons,Guard-Forward,193,105.7,2000-04-12,USA,https://cdn.nba.com/headshots/nba/latest/1040x760/1631199.png
203914,Gary Harris,Orlando Magic,Guard,193,95.3,1994-09-14,USA,https://cdn.nba.com/headshots/nba/latest/1040x760/203914.png
202699,Tobias Harris,Detroit Pistons,Forward,203.2,102.5,1992-07-15,USA,https://cdn.nba.com/headshots/nba/latest/1040x760/202699.png
1628404,Josh Hart,New York Knicks,Guard,193,97.6,1995-03-06,USA,https://cdn.nba.com/headshots/nba/latest/1040x760/1628404.png
1628392,Isaiah Hartenstein,Oklahoma City Thunder,Center-Forward,213.4,113.4,1998-05-05,Germany,https://cdn.nba.com/headshots/nba/latest/1040x760/1628392.png
1630573,Sam Hauser,Boston Celtics,Forward,200.7,98.5,1997-12-08,USA,https://cdn.nba.com/headshots/nba/latest/1040x760/1630573.png
1641722,Jordan Hawkins,New Orleans Pelicans,Guard,195.6,86.2,2002-04-29,USA,https://cdn.nba.com/headshots/nba/latest/1040x760/1641722.png
1629637,Jaxson Hayes,Los Angeles Lakers,Center-Forward,213.4,99.8,2000-05-23,USA,https://cdn.nba.com/headshots/nba/latest/1040x760/1629637.png
1630703,Scoot Henderson,Portland Trail Blazers,Guard,190.5,93.5,2004-02-03,USA,https://cdn.nba.com/headshots/nba/latest/1040x760/1630703.png
1641707,Taylor Hendricks,Utah Jazz,Forward,205.7,97.6,2003-11-22,USA,https://cdn.nba.com/headshots/nba/latest/1040x760/1641707.png
1629639,Tyler Herro,Miami Heat,Guard,195.6,88.5,2000-01-20,USA,https://cdn.nba.com/headshots/nba/latest/1040x760/1629639.png
1627741,Buddy Hield,Golden State Warriors,Guard,193,99.8,1992-12-17,Bahamas,https://cdn.nba.com/headshots/nba/latest/1040x760/1627741.png
1629312,Haywood Highsmith,Miami Heat,Forward,195.6,99.8,1996-12-09,USA,https://cdn.nba.com/headshots/nba/latest/1040x760/1629312.png
1628988,Aaron Holiday,Houston Rockets,Guard,182.9,83.9,1996-09-30,USA,https://cdn.nba.com/headshots/nba/latest/1040x760/1628988.png
201950,Jrue Holiday,Boston Celtics,Guard,193,93,1990-06-12,USA,https://cdn.nba.com/headshots/nba/latest/1040x760/201950.png
1641842,Ronald Holland II,Detroit Pistons,Forward,203.2,93.5,2005-07-07,USA,https://cdn.nba.com/headshots/nba/latest/1040x760/1641842.png
1626158,Richaun Holmes,Washington Wizards,Forward,205.7,106.6,1993-10-15,USA,https://cdn.nba.com/headshots/nba/latest/1040x760/1626158.png
1641747,DaRon Holmes II,Denver Nuggets,Forward,208.3,102.1,2002-08-15,USA,https://cdn.nba.com/headshots/nba/latest/1040x760/1641747.png
1631096,Chet Holmgren,Oklahoma City Thunder,Center-Forward,215.9,94.4,2002-05-01,USA,https://cdn.nba.com/headshots/nba/latest/1040x760/1631096.png
1641720,Jalen Hood-Schifino,,Guard,195.6,95.3,2003-06-19,USA,https://cdn.nba.com/headshots/nba/latest/1040x760/1641720.png
201143,Al Horford,Boston Celtics,Center-Forward,205.7,108.9,1986-06-03,Dominican Republic,https://cdn.nba.com/headshots/nba/latest/1040x760/201143.png
1629659,Talen Horton-Tucker,Chicago Bulls,Guard,193,106.2,2000-11-25,USA,https://cdn.nba.com/headshots/nba/latest/1040x760/1629659.png
1631216,Caleb Houstan,Orlando Magic,Guard,203.2,93,2003-01-09,Canada,https://cdn.nba.com/headshots/nba/latest/1040x760/1631216.png
1641724,Jett Howard,Orlando Magic,Guard,198.1,97.6,2003-09-14,USA,https://cdn.nba.com/headshots/nba/latest/1040x760/1641724.png
1628989,Kevin Huerter,Chicago Bulls,Guard-Forward,200.7,89.8,1998-08-27,USA,https://cdn.nba.com/headshots/nba/latest/1040x760/1628989.png
1630643,Jay Huff,Memphis Grizzlies,Center,215.9,108.9,1997-08-25,USA,https://cdn.nba.com/headshots/nba/latest/1040x760/1630643.png
1630574,Ariel Hukporti,New York Knicks,Center,210.8,111.6,2002-04-12,Germany,https://cdn.nba.com/headshots/nba/latest/1040x760/1630574.png
1629631,De'Andre Hunter,Cleveland Cavaliers,Forward-Guard,203.2,100.3,1997-12-02,USA,https://cdn.nba.com/headshots/nba/latest/1040x760/1629631.png
1630538,Bones Hyland,Minnesota Timberwolves,Guard,188,76.7,2000-09-14,USA,https://cdn.nba.com/headshots/nba/latest/1040x760/1630538.png
1642345,Oso Ighodaro,Phoenix Suns,Forward,213.4,106.6,2002-07-14,USA,https://cdn.nba.com/headshots/nba/latest/1040x760/1642345.png
204060,Joe Ingles,Minnesota Timberwolves,Forward-Guard,203.2,99.8,1987-10-02,Australia,https://cdn.nba.com/headshots/nba/latest/1040x760/204060.png
1627742,Brandon Ingram,Toronto Raptors,Forward,203.2,86.2,1997-09-02,USA,https://cdn.nba.com/headshots/nba/latest/1040x760/1627742.png
1631127,Harrison Ingram,San Antonio Spurs,Forward,195.6,104.4,2002-11-27,USA,https://cdn.nba.com/headshots/nba/latest/1040x760/1631127.png
202681,Kyrie Irving,Dallas Mavericks,Guard,188,88.5,1992-03-23,Australia,https://cdn.nba.com/headshots/nba/latest/1040x760/202681.png
1628371,Jonathan Isaac,Orlando Magic,Forward,208.3,104.4,1997-10-03,USA,https://cdn.nba.com/headshots/nba/latest/1040x760/1628371.png
1631093,Jaden Ivey,Detroit Pistons,Guard,193,88.5,2002-02-13,USA,https://cdn.nba.com/headshots/nba/latest/1040x760/1631093.png
1641713,GG Jackson,Memphis Grizzlies,Forward,205.7,95.3,2004-12-17,USA,https://cdn.nba.com/headshots/nba/latest/1040x760/1641713.png
1630543,Isaiah Jackson,Indiana Pacers,Forward,205.7,93,2002-01-10,USA,https://cdn.nba.com/headshots/nba/latest/1040x760/1630543.png
1631245,Quenton Jackson,Indiana Pacers,Guard,195.6,78.5,1998-09-15,USA,https://cdn.nba.com/headshots/nba/latest/1040x760/1631245.png
202704,Reggie Jackson,,Guard,188,94.4,1990-04-16,USA,https://cdn.nba.com/headshots/nba/latest/1040x760/202704.png
1641748,Andre Jackson Jr.,Milwaukee Bucks,Guard,198.1,94.8,2001-11-13,USA,https://cdn.nba.com/headshots/nba/latest/1040x760/1641748.png
1628991,Jaren Jackson Jr.,Memphis Grizzlies,Forward-Center,208.3,109.8,1999-09-15,USA,https://cdn.nba.com/headshots/nba/latest/1040x760/1628991.png
1631218,Trayce Jackson-Davis,Golden State Warriors,Forward,205.7,111.2,2000-02-22,USA,https://cdn.nba.com/headshots/nba/latest/1040x760/1631218.png
1642355,Bronny James,Los Angeles Lakers,Guard,190.5,95.3,2004-10-06,USA,https://cdn.nba.com/headshots/nba/latest/1040x760/1642355.png
2544,LeBron James,Los Angeles Lakers,Forward,205.7,113.4,1984-12-30,USA,https://cdn.nba.com/headshots/nba/latest/1040x760/2544.png
1631170,Jaime Jaquez Jr.,Miami Heat,Guard,198.1,102.1,2001-02-18,USA,https://cdn.nba.com/headshots/nba/latest/1040x760/1631170.png
1629610,DaQuan Jeffries,Charlotte Hornets,Guard-Forward,195.6,100.7,1997-08-30,USA,https://cdn.nba.com/headshots/nba/latest/1040x760/1629610.png
1641998,Trey Jemison III,Los Angeles Lakers,Center,208.3,118,1999-11-28,USA,https://cdn.nba.com/headshots/nba/latest/1040x760/1641998.png
1642450,Daniss Jenkins,Detroit Pistons,Guard,190.5,74.9,2001-08-17,USA,https://cdn.nba.com/headshots/nba/latest/1040x760/1642450.png
1629660,Ty Jerome,Cleveland Cavaliers,Guard-Forward,195.6,88.5,1997-07-08,USA,https://cdn.nba.com/headshots/nba/latest/1040x760/1629660.png
1630198,Isaiah Joe,Oklahoma City Thunder,Guard,190.5,74.9,1999-07-02,USA,https://cdn.nba.com/headshots/nba/latest/1040x760/1630198.png
1642358,AJ Johnson,Washington Wizards,Guard,195.6,72.6,2004-12-01,USA,https://cdn.nba.com/headshots/nba/latest/1040x760/1642358.png
1629661,Cameron Johnson,Brooklyn Nets,Forward,203.2,95.3,1996-03-03,USA,https://cdn.nba.com/headshots/nba/latest/1040x760/1629661.png
1630552,Jalen Johnson,Atlanta Hawks,Forward,203.2,99.4,2001-12-18,USA,https://cdn.nba.com/headshots/nba/latest/1040x760/1630552.png
201949,James Johnson,Indiana Pacers,Forward,200.7,108.9,1987-02-20,USA,https://cdn.nba.com/headshots/nba/latest/1040x760/201949.png
1629640,Keldon Johnson,San Antonio Spurs,Forward-Guard,195.6,99.8,1999-10-11,USA,https://cdn.nba.com/headshots/nba/latest/1040x760/1629640.png
1630553,Keon Johnson,Brooklyn Nets,Guard,195.6,83.9,2002-03-10,USA,https://cdn.nba.com/headshots/nba/latest/1040x760/1630553.png
1642352,Keshad Johnson,Miami Heat,Forward,200.7,102.1,2001-06-23,USA,https://cdn.nba.com/headshots/nba/latest/1040x760/1642352.png
203999,Nikola Jokic,Denver Nuggets,Center,210.8,128.9,1995-02-19,Serbia,https://cdn.nba.com/headshots/nba/latest/1040x760/203999.png
1641732,Colby Jones,Washington Wizards,Guard,198.1,93.9,2002-05-28,USA,https://cdn.nba.com/headshots/nba/latest/1040x760/1641732.png
1641794,Dillon Jones,Oklahoma City Thunder,Forward,195.6,106.6,2001-10-29,USA,https://cdn.nba.com/headshots/nba/latest/1040x760/1641794.png
1630529,Herbert Jones,New Orleans Pelicans,Forward,200.7,93.5,1998-10-06,USA,https://cdn.nba.com/headshots/nba/latest/1040x760/1630529.png
1642403,Isaac Jones,Sacramento Kings,Forward,205.7,111.2,2000-07-11,USA,https://cdn.nba.com/headshots/nba/latest/1040x760/1642403.png
1630539,Kai Jones,LA Clippers,Center-Forward,210.8,100.3,2001-01-19,Bahamas,https://cdn.nba.com/headshots/nba/latest/1040x760/1630539.png
1630222,Mason Jones,Sacramento Kings,Guard,193,90.7,1998-07-21,USA,https://cdn.nba.com/headshots/nba/latest/1040x760/1630222.png
1642461,Spencer Jones,Denver Nuggets,Forward,200.7,102.1,2001-06-14,USA,https://cdn.nba.com/headshots/nba/latest/1040x760/1642461.png
1630200,Tre Jones,Chicago Bulls,Guard,185.4,83.9,2000-01-08,USA,https://cdn.nba.com/headshots/nba/latest/1040x760/1630200.png
1626145,Tyus Jones,Phoenix Suns,Guard,185.4,88.9,1996-05-10,USA,https://cdn.nba.com/headshots/nba/latest/1040x760/1626145.png
1627884,Derrick Jones Jr.,LA Clippers,Forward,198.1,95.3,1997-02-15,USA,https://cdn.nba.com/headshots/nba/latest/1040x760/1627884.png
201599,DeAndre Jordan,Denver Nuggets,Center,210.8,120.2,1988-07-21,USA,https://cdn.nba.com/headshots/nba/latest/1040x760/201599.png
202709,Cory Joseph,Orlando Magic,Guard,188,90.7,1991-08-20,Canada,https://cdn.nba.com/headshots/nba/latest/1040x760/202709.png
1631107,Nikola Jovic,Miami Heat,Forward,208.3,93,2003-06-09,Serbia,https://cdn.nba.com/headshots/nba/latest/1040x760/1631107.png
1630548,Johnny Juzang,Utah Jazz,Guard,195.6,102.5,2001-03-17,USA,https://cdn.nba.com/headshots/nba/latest/1040x760/1630548.png
1642530,Yuki Kawamura,Memphis Grizzlies,Guard,172.7,72.1,2001-05-02,Japan,https://cdn.nba.com/headshots/nba/latest/1040x760/1642530.png
1628379,Luke Kennard,Memphis Grizzlies,Guard,195.6,93.5,1996-06-24,USA,https://cdn.nba.com/headshots/nba/latest/1040x760/1628379.png
1631117,Walker Kessler,Utah Jazz,Center,213.4,111.2,2001-07-26,USA,https://cdn.nba.com/headshots/nba/latest/1040x760/1631117.png
1630557,Corey Kispert,Washington Wizards,Forward,198.1,101.6,1999-03-03,USA,https://cdn.nba.com/headshots/nba/latest/1040x760/1630557.png
1628467,Maxi Kleber,Los Angeles Lakers,Forward,208.3,108.9,1992-01-29,Germany,https://cdn.nba.com/headshots/nba/latest/1040x760/1628467.png
1641752,Bobi Klintman,Detroit Pistons,Forward,205.7,102.1,2003-03-06,Sweden,https://cdn.nba.com/headshots/nba/latest/1040x760/1641752.png
1642261,Dalton Knecht,Los Angeles Lakers,Forward,198.1,97.6,2001-04-19,USA,https://cdn.nba.com/headshots/nba/latest/1040x760/1642261.png
1642278,Tyler Kolek,New York Knicks,Guard,190.5,88.5,2001-03-27,USA,https://cdn.nba.com/headshots/nba/latest/1040x760/1642278.png
1631132,Christian Koloko,Los Angeles Lakers,Center,213.4,99.8,2000-06-20,Cameroon,https://cdn.nba.com/headshots/nba/latest/1040x760/1631132.png
1629723,John Konchar,Memphis Grizzlies,Guard,195.6,95.3,1996-03-22,USA,https://cdn.nba.com/headshots/nba/latest/1040x760/1629723.png
1628436,Luke Kornet,Boston Celtics,Center-Forward,215.9,113.4,1995-07-15,USA,https://cdn.nba.com/headshots/nba/latest/1040x760/1628436.png
1630249,Vít Krejcí,Atlanta Hawks,Guard,203.2,88.5,2000-06-19,Czech Republic,https://cdn.nba.com/headshots/nba/latest/1040x760/1630249.png
1630228,Jonathan Kuminga,Golden State Warriors,Forward,200.7,102.1,2002-10-06,DRC,https://cdn.nba.com/headshots/nba/latest/1040x760/1630228.png
1628398,Kyle Kuzma,Milwaukee Bucks,Forward,205.7,100.3,1995-07-24,USA,https://cdn.nba.com/headshots/nba/latest/1040x760/1628398.png
1631222,Jake LaRavia,Sacramento Kings,Forward,200.7,106.6,2001-11-03,USA,https://cdn.nba.com/headshots/nba/latest/1040x760/1631222.png
203897,Zach LaVine,Sacramento Kings,Guard,195.6,90.7,1995-03-10,USA,https://cdn.nba.com/headshots/nba/latest/1040x760/203897.png
1629111,Jock Landale,Houston Rockets,Center,210.8,115.7,1995-10-25,Australia,https://cdn.nba.com/headshots/nba/latest/1040x760/1629111.png
1641796,Pelle Larsson,Miami Heat,Guard,195.6,97.6,2001-02-23,Sweden,https://cdn.nba.com/headshots/nba/latest/1040x760/1641796.png
1630639,A.J. Lawson,Toronto Raptors,Guard,198.1,81.2,2000-07-15,Canada,https://cdn.nba.com/headshots/nba/latest/1040x760/1630639.png
1627747,Caris LeVert,Atlanta Hawks,Guard,198.1,93,1994-08-25,USA,https://cdn.nba.com/headshots/nba/latest/1040x760/1627747.png
1627814,Damion Lee,Phoenix Suns,Guard-Forward,198.1,95.3,1992-10-21,USA,https://cdn.nba.com/headshots/nba/latest/1040x760/1627814.png
203458,Alex Len,Los Angeles Lakers,Center,213.4,113.4,1993-06-16,Ukraine,https://cdn.nba.com/headshots/nba/latest/1040x760/203458.png
202695,Kawhi Leonard,LA Clippers,Forward,200.7,102.1,1991-06-29,USA,https://cdn.nba.com/headshots/nba/latest/1040x760/202695.png
1642502,Malevy Leons,,Forward,205.7,95.3,1999-09-23,Netherlands,https://cdn.nba.com/headshots/nba/latest/1040x760/1642502.png
1641721,Maxwell Lewis,Brooklyn Nets,Forward,200.7,97.6,2002-07-27,USA,https://cdn.nba.com/headshots/nba/latest/1040x760/1641721.png
1630604,E.J. Liddell,Chicago Bulls,Forward,198.1,108.9,2000-12-18,USA,https://cdn.nba.com/headshots/nba/latest/1040x760/1630604.png
203081,Damian Lillard,Milwaukee Bucks,Guard,188,88.5,1990-07-15,USA,https://cdn.nba.com/headshots/nba/latest/1040x760/203081.png
1641726,Dereck Lively II,Dallas Mavericks,Center,215.9,104.4,2004-02-12,USA,https://cdn.nba.com/headshots/nba/latest/1040x760/1641726.png
1641753,Chris Livingston,Milwaukee Bucks,Forward,198.1,99.8,2003-10-15,USA,https://cdn.nba.com/headshots/nba/latest/1040x760/1641753.png
1626172,Kevon Looney,Golden State Warriors,Forward,205.7,100.7,1996-02-06,USA,https://cdn.nba.com/headshots/nba/latest/1040x760/1626172.png
201572,Brook Lopez,Milwaukee Bucks,Center,215.9,128,1988-04-01,USA,https://cdn.nba.com/headshots/nba/latest/1040x760/201572.png
201567,Kevin Love,Miami Heat,Forward-Center,203.2,113.9,1988-09-07,USA,https://cdn.nba.com/headshots/nba/latest/1040x760/201567.png
200768,Kyle Lowry,Philadelphia 76ers,Guard,182.9,88.9,1986-03-25,USA,https://cdn.nba.com/headshots/nba/latest/1040x760/200768.png
1626168,Trey Lyles,Sacramento Kings,Forward,205.7,106.2,1995-11-05,Canada,https://cdn.nba.com/headshots/nba/latest/1040x760/1626168.png
1630572,Sandro Mamukelashvili,San Antonio Spurs,Forward-Center,205.7,108.9,1999-05-23,Georgia,https://cdn.nba.com/headshots/nba/latest/1040x760/1630572.png
1629611,Terance Mann,Atlanta Hawks,Guard-Forward,195.6,97.6,1996-10-18,USA,https://cdn.nba.com/headshots/nba/latest/1040x760/1629611.png
1630544,Tre Mann,Charlotte Hornets,Guard,190.5,80.8,2001-02-03,USA,https://cdn.nba.com/headshots/nba/latest/1040x760/1630544.png
1628374,Lauri Markkanen,Utah Jazz,Forward-Center,213.4,108.9,1997-05-22,Finland,https://cdn.nba.com/headshots/nba/latest/1040x760/1628374.png
1630230,Naji Marshall,Dallas Mavericks,Forward,198.1,99.8,1998-01-24,USA,https://cdn.nba.com/headshots/nba/latest/1040x760/1630230.png
1628997,Caleb Martin,Dallas Mavericks,Forward,195.6,93,1995-09-28,USA,https://cdn.nba.com/headshots/nba/latest/1040x760/1628997.png
1628998,Cody Martin,Phoenix Suns,Forward,198.1,93,1995-09-28,USA,https://cdn.nba.com/headshots/nba/latest/1040x760/1628998.png
1641798,Jaylen Martin,Washington Wizards,Guard,198.1,98,2004-01-28,USA,https://cdn.nba.com/headshots/nba/latest/1040x760/1641798.png
1630231,KJ Martin,Utah Jazz,Forward,198.1,97.6,2001-01-06,USA,https://cdn.nba.com/headshots/nba/latest/1040x760/1630231.png
1631213,Tyrese Martin,Brooklyn Nets,Forward,198.1,97.6,1999-03-07,USA,https://cdn.nba.com/headshots/nba/latest/1040x760/1631213.png
1629726,Garrison Mathews,Atlanta Hawks,Guard,198.1,97.6,1996-10-24,USA,https://cdn.nba.com/headshots/nba/latest/1040x760/1629726.png
1631097,Bennedict Mathurin,Indiana Pacers,Guard-Forward,195.6,95.3,2002-06-19,Canada,https://cdn.nba.com/headshots/nba/latest/1040x760/1631097.png
1631255,Karlo Matković,New Orleans Pelicans,Forward-Center,208.3,104.8,2001-03-30,Bosnia and Herzegovina,https://cdn.nba.com/headshots/nba/latest/1040x760/1631255.png
1630178,Tyrese Maxey,Philadelphia 76ers,Guard,188,90.7,2000-11-04,USA,https://cdn.nba.com/headshots/nba/latest/1040x760/1630178.png
1630540,Miles McBride,New York Knicks,Guard,185.4,88.5,2000-09-08,USA,https://cdn.nba.com/headshots/nba/latest/1040x760/1630540.png
1642272,Jared McCain,Philadelphia 76ers,Guard,190.5,88.5,2004-02-20,USA,https://cdn.nba.com/headshots/nba/latest/1040x760/1642272.png
1630644,Mac McClung,Orlando Magic,Guard,188,83.9,1999-01-06,USA,https://cdn.nba.com/headshots/nba/latest/1040x760/1630644.png
203468,CJ McCollum,New Orleans Pelicans,Guard,190.5,86.2,1991-09-19,USA,https://cdn.nba.com/headshots/nba/latest/1040x760/203468.png
204456,T.J. McConnell,Indiana Pacers,Guard,185.4,86.2,1992-03-25,USA,https://cdn.nba.com/headshots/nba/latest/1040x760/204456.png
1641755,Kevin McCullar Jr.,New York Knicks,Guard,198.1,95.3,2001-03-15,USA,https://cdn.nba.com/headshots/nba/latest/1040x760/1641755.png
1630183,Jaden McDaniels,Minnesota Timberwolves,Forward,205.7,83.9,2000-09-29,USA,https://cdn.nba.com/headshots/nba/latest/1040x760/1630183.png
203926,Doug McDermott,Sacramento Kings,Forward,198.1,102.1,1992-01-03,USA,https://cdn.nba.com/headshots/nba/latest/1040x760/203926.png
1631121,Bryce McGowens,Portland Trail Blazers,Guard,198.1,86.2,2002-11-08,USA,https://cdn.nba.com/headshots/nba/latest/1040x760/1631121.png
1629162,Jordan McLaughlin,San Antonio Spurs,Guard,182.9,83.9,1996-04-09,USA,https://cdn.nba.com/headshots/nba/latest/1040x760/1629162.png
1629098,Jack McVeigh,Houston Rockets,Guard-Forward,203.2,97.6,1996-06-27,Australia,https://cdn.nba.com/headshots/nba/latest/1040x760/1629098.png
1629001,De'Anthony Melton,Brooklyn Nets,Guard,190.5,90.7,1998-05-28,USA,https://cdn.nba.com/headshots/nba/latest/1040x760/1629001.png
1630241,Sam Merrill,Cleveland Cavaliers,Guard,193,93,1996-05-15,USA,https://cdn.nba.com/headshots/nba/latest/1040x760/1630241.png
203995,Vasilije Micic,Phoenix Suns,Guard,190.5,85.3,1994-01-13,Serbia,https://cdn.nba.com/headshots/nba/latest/1040x760/203995.png
203114,Khris Middleton,Washington Wizards,Forward,200.7,100.7,1991-08-12,USA,https://cdn.nba.com/headshots/nba/latest/1040x760/203114.png
1641706,Brandon Miller,Charlotte Hornets,Forward,200.7,90.7,2002-11-22,USA,https://cdn.nba.com/headshots/nba/latest/1040x760/1641706.png
1641801,Emanuel Miller,Chicago Bulls,Forward,200.7,97.6,2000-06-19,Canada,https://cdn.nba.com/headshots/nba/latest/1040x760/1641801.png
1641757,Jordan Miller,LA Clippers,Guard,195.6,88,2000-01-23,USA,https://cdn.nba.com/headshots/nba/latest/1040x760/1641757.png
1631159,Leonard Miller,Minnesota Timberwolves,Forward,208.3,99.8,2003-11-26,Canada,https://cdn.nba.com/headshots/nba/latest/1040x760/1631159.png
201988,Patty Mills,LA Clippers,Guard,188,81.7,1988-08-11,Australia,https://cdn.nba.com/headshots/nba/latest/1040x760/201988.png
1629003,Shake Milton,Los Angeles Lakers,Guard,195.6,93,1996-09-26,USA,https://cdn.nba.com/headshots/nba/latest/1040x760/1629003.png
1631303,Justin Minaya,Portland Trail Blazers,Forward,195.6,93,1999-03-26,USA,https://cdn.nba.com/headshots/nba/latest/1040x760/1631303.png
1642434,Riley Minix,San Antonio Spurs,Forward,200.7,104.4,2000-09-22,USA,https://cdn.nba.com/headshots/nba/latest/1040x760/1642434.png
1631169,Josh Minott,Minnesota Timberwolves,Forward,203.2,93,2002-11-25,USA,https://cdn.nba.com/headshots/nba/latest/1040x760/1631169.png
1642274,Yves Missi,New Orleans Pelicans,Center,210.8,106.6,2004-05-14,Cameroon,https://cdn.nba.com/headshots/nba/latest/1040x760/1642274.png
1642349,Ajay Mitchell,Oklahoma City Thunder,Guard,195.6,86.2,2002-06-25,Belgium,https://cdn.nba.com/headshots/nba/latest/1040x760/1642349.png
1630558,Davion Mitchell,Miami Heat,Guard,182.9,91.7,1998-09-05,USA,https://cdn.nba.com/headshots/nba/latest/1040x760/1630558.png
1628378,Donovan Mitchell,Cleveland Cavaliers,Guard,190.5,97.6,1996-09-07,USA,https://cdn.nba.com/headshots/nba/latest/1040x760/1628378.png
1630596,Evan Mobley,Cleveland Cavaliers,Center,210.8,97.6,2001-06-18,USA,https://cdn.nba.com/headshots/nba/latest/1040x760/1630596.png
1642367,Jonathan Mogbo,Toronto Raptors,Forward,205.7,102.1,2001-10-29,USA,https://cdn.nba.com/headshots/nba/latest/1040x760/1642367.png
1628370,Malik Monk,Sacramento Kings,Guard,190.5,90.7,1998-02-04,USA,https://cdn.nba.com/headshots/nba/latest/1040x760/1628370.png
1630541,Moses Moody,Golden State Warriors,Guard,195.6,95.7,2002-05-31,USA,https://cdn.nba.com/headshots/nba/latest/1040x760/1630541.png
1631386,Tazé Moore,,Guard,195.6,88.5,1998-06-29,USA,https://cdn.nba.com/headshots/nba/latest/1040x760/1631386.png
1631111,Wendell Moore Jr.,Charlotte Hornets,Guard,195.6,97.6,2001-09-18,USA,https://cdn.nba.com/headshots/nba/latest/1040x760/1631111.png
1629630,Ja Morant,Memphis Grizzlies,Guard,188,79,1999-08-10,USA,https://cdn.nba.com/headshots/nba/latest/1040x760/1629630.png
202693,Markieff Morris,Los Angeles Lakers,Forward,205.7,111.2,1989-09-02,USA,https://cdn.nba.com/headshots/nba/latest/1040x760/202693.png
1628420,Monté Morris,Phoenix Suns,Guard,188,83,1995-06-27,USA,https://cdn.nba.com/headshots/nba/latest/1040x760/1628420.png
1630530,Trey Murphy III,New Orleans Pelicans,Forward,203.2,93.5,2000-06-18,USA,https://cdn.nba.com/headshots/nba/latest/1040x760/1630530.png
1627749,Dejounte Murray,New Orleans Pelicans,Guard,193,81.7,1996-09-19,USA,https://cdn.nba.com/headshots/nba/latest/1040x760/1627749.png
1627750,Jamal Murray,Denver Nuggets,Guard,193,97.6,1997-02-23,Canada,https://cdn.nba.com/headshots/nba/latest/1040x760/1627750.png
1631099,Keegan Murray,Sacramento Kings,Forward,203.2,102.1,2000-08-19,USA,https://cdn.nba.com/headshots/nba/latest/1040x760/1631099.png
1631200,Kris Murray,Portland Trail Blazers,Forward,203.2,98,2000-08-19,USA,https://cdn.nba.com/headshots/nba/latest/1040x760/1631200.png
1629004,Svi Mykhailiuk,Utah Jazz,Guard-Forward,200.7,93,1997-06-10,Ukraine,https://cdn.nba.com/headshots/nba/latest/1040x760/1629004.png
1631250,Pete Nance,Milwaukee Bucks,Forward,208.3,102.1,2000-02-19,USA,https://cdn.nba.com/headshots/nba/latest/1040x760/1631250.png
1626204,Larry Nance Jr.,Atlanta Hawks,Forward-Center,203.2,111.2,1993-01-01,USA,https://cdn.nba.com/headshots/nba/latest/1040x760/1626204.png
1629614,Andrew Nembhard,Indiana Pacers,Guard-Forward,193,86.7,2000-01-16,Canada,https://cdn.nba.com/headshots/nba/latest/1040x760/1629614.png
1630174,Aaron Nesmith,Indiana Pacers,Guard-Forward,198.1,97.6,1999-10-16,USA,https://cdn.nba.com/headshots/nba/latest/1040x760/1630174.png
1641803,Tristen Newton,Minnesota Timberwolves,Guard,195.6,86.2,2001-04-26,USA,https://cdn.nba.com/headshots/nba/latest/1040x760/1641803.png
1627777,Georges Niang,Atlanta Hawks,Forward,200.7,104.4,1993-06-17,USA,https://cdn.nba.com/headshots/nba/latest/1040x760/1627777.png
1630227,Daishen Nix,,Guard,193,108,2002-02-13,USA,https://cdn.nba.com/headshots/nba/latest/1040x760/1630227.png
1630192,Zeke Nnaji,Denver Nuggets,Forward-Center,205.7,108.9,2001-01-09,USA,https://cdn.nba.com/headshots/nba/latest/1040x760/1630192.png
1629669,Jaylen Nowell,,Guard,193,91.2,1999-07-09,USA,https://cdn.nba.com/headshots/nba/latest/1040x760/1629669.png
203994,Jusuf Nurkic,Charlotte Hornets,Center,213.4,131.6,1994-08-23,Bosnia and Herzegovina,https://cdn.nba.com/headshots/nba/latest/1040x760/203994.png
1626220,Royce O'Neale,Phoenix Suns,Forward,198.1,102.5,1993-06-05,USA,https://cdn.nba.com/headshots/nba/latest/1040x760/1626220.png
1629006,Josh Okogie,Charlotte Hornets,Guard,193,96.6,1998-09-01,Nigeria,https://cdn.nba.com/headshots/nba/latest/1040x760/1629006.png
1630168,Onyeka Okongwu,Atlanta Hawks,Forward-Center,208.3,108.9,2000-12-11,USA,https://cdn.nba.com/headshots/nba/latest/1040x760/1630168.png
1630171,Isaac Okoro,Cleveland Cavaliers,Forward-Guard,195.6,102.1,2001-01-26,USA,https://cdn.nba.com/headshots/nba/latest/1040x760/1630171.png
1642439,Quincy Olivari,,Guard,190.5,90.7,2001-05-27,USA,https://cdn.nba.com/headshots/nba/latest/1040x760/1642439.png
203482,Kelly Olynyk,New Orleans Pelicans,Forward-Center,210.8,108.9,1991-04-19,Canada,https://cdn.nba.com/headshots/nba/latest/1040x760/203482.png
1630647,Eugene Omoruyi,Washington Wizards,Forward,198.1,106.6,1997-02-14,Nigeria,https://cdn.nba.com/headshots/nba/latest/1040x760/1630647.png
1626162,Kelly Oubre Jr.,Philadelphia 76ers,Forward-Guard,203.2,92.1,1995-12-09,USA,https://cdn.nba.com/headshots/nba/latest/1040x760/1626162.png
101108,Chris Paul,San Antonio Spurs,Guard,182.9,79.4,1985-05-06,USA,https://cdn.nba.com/headshots/nba/latest/1040x760/101108.png
1626166,Cameron Payne,New York Knicks,Guard,190.5,83,1994-08-08,USA,https://cdn.nba.com/headshots/nba/latest/1040x760/1626166.png
203901,Elfrid Payton,,Guard,190.5,88.5,1994-02-22,USA,https://cdn.nba.com/headshots/nba/latest/1040x760/203901.png
1627780,Gary Payton II,Golden State Warriors,Guard,188,88.5,1992-12-01,USA,https://cdn.nba.com/headshots/nba/latest/1040x760/1627780.png
1641809,Drew Peterson,Boston Celtics,Forward,205.7,93,1999-11-09,USA,https://cdn.nba.com/headshots/nba/latest/1040x760/1641809.png
1641763,Julian Phillips,Chicago Bulls,Forward,203.2,89.8,2003-11-05,USA,https://cdn.nba.com/headshots/nba/latest/1040x760/1641763.png
1629618,Jalen Pickett,Denver Nuggets,Guard,188,91.7,1999-10-22,USA,https://cdn.nba.com/headshots/nba/latest/1040x760/1629618.png
1630590,Scotty Pippen Jr.,Memphis Grizzlies,Guard,185.4,77.1,2000-11-10,USA,https://cdn.nba.com/headshots/nba/latest/1040x760/1630590.png
1631342,Daeqwon Plowden,Atlanta Hawks,Guard-Forward,198.1,98,1998-08-29,USA,https://cdn.nba.com/headshots/nba/latest/1040x760/1631342.png
203486,Mason Plumlee,Phoenix Suns,Forward-Center,208.3,115.3,1990-03-05,USA,https://cdn.nba.com/headshots/nba/latest/1040x760/203486.png
1641764,Brandin Podziemski,Golden State Warriors,Guard,193,93,2003-02-25,USA,https://cdn.nba.com/headshots/nba/latest/1040x760/1641764.png
1627751,Jakob Poeltl,Toronto Raptors,Center,213.4,118,1995-10-15,Austria,https://cdn.nba.com/headshots/nba/latest/1040x760/1627751.png
1629673,Jordan Poole,Washington Wizards,Guard,193,88,1999-06-19,USA,https://cdn.nba.com/headshots/nba/latest/1040x760/1629673.png
1641854,Craig Porter Jr.,Cleveland Cavaliers,Guard,185.4,81.7,2000-02-26,USA,https://cdn.nba.com/headshots/nba/latest/1040x760/1641854.png
1629645,Kevin Porter Jr.,Milwaukee Bucks,Guard-Forward,193,92.1,2000-05-04,USA,https://cdn.nba.com/headshots/nba/latest/1040x760/1629645.png
1629008,Michael Porter Jr.,Denver Nuggets,Forward,208.3,98.9,1998-06-29,USA,https://cdn.nba.com/headshots/nba/latest/1040x760/1629008.png
1626171,Bobby Portis,Milwaukee Bucks,Forward,208.3,113.4,1995-02-10,USA,https://cdn.nba.com/headshots/nba/latest/1040x760/1626171.png
204001,Kristaps Porziņģis,Boston Celtics,Forward-Center,218.4,108.9,1995-08-02,Latvia,https://cdn.nba.com/headshots/nba/latest/1040x760/204001.png
1642366,Quinten Post,Golden State Warriors,Center,213.4,108,2000-03-21,Netherlands,https://cdn.nba.com/headshots/nba/latest/1040x760/1642366.png
1630695,Micah Potter,Utah Jazz,Center,205.7,112.5,1998-04-06,USA,https://cdn.nba.com/headshots/nba/latest/1040x760/1630695.png
203939,Dwight Powell,Dallas Mavericks,Forward-Center,208.3,108.9,1991-07-20,Canada,https://cdn.nba.com/headshots/nba/latest/1040x760/203939.png
1626181,Norman Powell,LA Clippers,Guard,193,97.6,1993-05-25,USA,https://cdn.nba.com/headshots/nba/latest/1040x760/1626181.png
1627752,Taurean Prince,Milwaukee Bucks,Forward,198.1,98.9,1994-03-22,USA,https://cdn.nba.com/headshots/nba/latest/1040x760/1627752.png
1630202,Payton Pritchard,Boston Celtics,Guard,185.4,88.5,1998-01-28,USA,https://cdn.nba.com/headshots/nba/latest/1040x760/1630202.png
1641765,Olivier-Maxence Prosper,Dallas Mavericks,Forward,200.7,104.4,2002-07-03,Canada,https://cdn.nba.com/headshots/nba/latest/1040x760/1641765.png
1642389,Zyon Pullin,Memphis Grizzlies,Guard,193,93.5,2001-03-03,USA,https://cdn.nba.com/headshots/nba/latest/1040x760/1642389.png
1630243,Trevelin Queen,Orlando Magic,Guard,195.6,86.2,1997-02-25,USA,https://cdn.nba.com/headshots/nba/latest/1040x760/1630243.png
1629674,Neemias Queta,Boston Celtics,Center,213.4,112.5,1999-07-13,Portugal,https://cdn.nba.com/headshots/nba/latest/1040x760/1629674.png
1630193,Immanuel Quickley,Toronto Raptors,Guard,188,86.2,1999-06-17,USA,https://cdn.nba.com/headshots/nba/latest/1040x760/1630193.png
1631311,Lester Quinones,,Guard,193,94.4,2000-11-16,USA,https://cdn.nba.com/headshots/nba/latest/1040x760/1631311.png
203944,Julius Randle,Minnesota Timberwolves,Forward-Center,205.7,113.4,1994-11-29,USA,https://cdn.nba.com/headshots/nba/latest/1040x760/203944.png
1641871,Duop Reath,Portland Trail Blazers,Center,205.7,111.2,1996-06-26,South Sudan,https://cdn.nba.com/headshots/nba/latest/1040x760/1641871.png
1630559,Austin Reaves,Los Angeles Lakers,Guard,195.6,89.4,1998-05-29,USA,https://cdn.nba.com/headshots/nba/latest/1040x760/1630559.png
1629629,Cam Reddish,Los Angeles Lakers,Forward-Guard,200.7,98.5,1999-09-01,USA,https://cdn.nba.com/headshots/nba/latest/1040x760/1629629.png
1630194,Paul Reed,Detroit Pistons,Forward,205.7,95.3,1999-06-14,USA,https://cdn.nba.com/headshots/nba/latest/1040x760/1630194.png
1642024,Alex Reese,Philadelphia 76ers,Forward-Center,205.7,111.2,1999-05-21,USA,https://cdn.nba.com/headshots/nba/latest/1040x760/1642024.png
1641810,Antonio Reeves,New Orleans Pelicans,Guard,195.6,93,2002-11-20,USA,https://cdn.nba.com/headshots/nba/latest/1040x760/1641810.png
1629675,Naz Reid,Minnesota Timberwolves,Center-Forward,205.7,119.8,1999-08-26,USA,https://cdn.nba.com/headshots/nba/latest/1040x760/1629675.png
1631197,Jared Rhoden,,Guard,195.6,95.3,1999-08-27,USA,https://cdn.nba.com/headshots/nba/latest/1040x760/1631197.png
1630208,Nick Richards,Phoenix Suns,Center,213.4,111.2,1997-11-29,Jamaica,https://cdn.nba.com/headshots/nba/latest/1040x760/1630208.png
1626196,Josh Richardson,,Guard,195.6,90.7,1993-09-15,USA,https://cdn.nba.com/headshots/nba/latest/1040x760/1626196.png
1642258,Zaccharie Risacher,Atlanta Hawks,Forward,203.2,90.7,2005-04-08,France,https://cdn.nba.com/headshots/nba/latest/1040x760/1642258.png
1641857,Liam Robbins,,Center,213.4,113.4,1999-07-12,USA,https://cdn.nba.com/headshots/nba/latest/1040x760/1641857.png
1629130,Duncan Robinson,Miami Heat,Forward,200.7,97.6,1994-04-22,USA,https://cdn.nba.com/headshots/nba/latest/1040x760/1629130.png
1629011,Mitchell Robinson,New York Knicks,Center-Forward,213.4,108.9,1998-04-01,USA,https://cdn.nba.com/headshots/nba/latest/1040x760/1629011.png
1631115,Orlando Robinson,Toronto Raptors,Center,208.3,106.6,2000-07-10,USA,https://cdn.nba.com/headshots/nba/latest/1040x760/1631115.png
1630526,Jeremiah Robinson-Earl,New Orleans Pelicans,Forward,203.2,108.9,2000-11-03,USA,https://cdn.nba.com/headshots/nba/latest/1040x760/1630526.png
1631223,David Roddy,Philadelphia 76ers,Forward,193,115.7,2001-03-27,USA,https://cdn.nba.com/headshots/nba/latest/1040x760/1631223.png
1631157,Ryan Rollins,Milwaukee Bucks,Guard,190.5,81.7,2002-07-03,USA,https://cdn.nba.com/headshots/nba/latest/1040x760/1631157.png
1626179,Terry Rozier,Miami Heat,Guard,185.4,86.2,1994-03-17,USA,https://cdn.nba.com/headshots/nba/latest/1040x760/1626179.png
1641712,Rayan Rupert,Portland Trail Blazers,Guard-Forward,198.1,88.5,2004-05-31,France,https://cdn.nba.com/headshots/nba/latest/1040x760/1641712.png
1626156,D'Angelo Russell,Brooklyn Nets,Guard,190.5,87.6,1996-02-23,USA,https://cdn.nba.com/headshots/nba/latest/1040x760/1626156.png
1630346,Matt Ryan,New York Knicks,Forward,198.1,97.6,1997-04-17,USA,https://cdn.nba.com/headshots/nba/latest/1040x760/1630346.png
1627734,Domantas Sabonis,Sacramento Kings,Forward-Center,208.3,108.9,1996-05-03,Lithuania,https://cdn.nba.com/headshots/nba/latest/1040x760/1627734.png
1642275,Tidjane Salaün,Charlotte Hornets,Forward,203.2,93.9,2005-08-10,France,https://cdn.nba.com/headshots/nba/latest/1040x760/1642275.png
1641766,Adama Sanogo,,Forward,205.7,111.2,2002-02-12,Mali,https://cdn.nba.com/headshots/nba/latest/1040x760/1641766.png
1630611,Gui Santos,Golden State Warriors,Forward,198.1,83.9,2002-06-22,Brazil,https://cdn.nba.com/headshots/nba/latest/1040x760/1630611.png
1642259,Alex Sarr,Washington Wizards,Center,213.4,93,2005-04-26,France,https://cdn.nba.com/headshots/nba/latest/1040x760/1642259.png
1631204,Marcus Sasser,Detroit Pistons,Guard,188,88.5,2000-09-21,USA,https://cdn.nba.com/headshots/nba/latest/1040x760/1631204.png
1631248,Baylor Scheierman,Boston Celtics,Guard,198.1,93,2000-09-26,USA,https://cdn.nba.com/headshots/nba/latest/1040x760/1631248.png
203471,Dennis Schroder,Detroit Pistons,Guard,185.4,79.4,1993-09-15,Germany,https://cdn.nba.com/headshots/nba/latest/1040x760/203471.png
1630578,Alperen Sengun,Houston Rockets,Center,210.8,110.3,2002-07-25,Turkey,https://cdn.nba.com/headshots/nba/latest/1040x760/1630578.png
1641729,Brice Sensabaugh,Utah Jazz,Forward,195.6,106.6,2003-10-30,USA,https://cdn.nba.com/headshots/nba/latest/1040x760/1641729.png
1629012,Collin Sexton,Utah Jazz,Guard,190.5,86.2,1999-01-04,USA,https://cdn.nba.com/headshots/nba/latest/1040x760/1629012.png
1629013,Landry Shamet,New York Knicks,Guard,193,86.2,1997-03-13,USA,https://cdn.nba.com/headshots/nba/latest/1040x760/1629013.png
1630545,Terrence Shannon Jr.,Minnesota Timberwolves,Guard-Forward,198.1,97.6,2000-07-30,USA,https://cdn.nba.com/headshots/nba/latest/1040x760/1630545.png
1630549,Day'Ron Sharpe,Brooklyn Nets,Center,205.7,120.2,2001-11-06,USA,https://cdn.nba.com/headshots/nba/latest/1040x760/1630549.png
1631101,Shaedon Sharpe,Portland Trail Blazers,Guard,195.6,94.4,2003-05-30,Canada,https://cdn.nba.com/headshots/nba/latest/1040x760/1631101.png
1642347,Jamal Shead,Toronto Raptors,Guard,185.4,90.7,2002-07-24,USA,https://cdn.nba.com/headshots/nba/latest/1040x760/1642347.png
1641767,Ben Sheppard,Indiana Pacers,Guard,198.1,86.2,2001-07-16,USA,https://cdn.nba.com/headshots/nba/latest/1040x760/1641767.png
1642263,Reed Sheppard,Houston Rockets,Guard,188,83.9,2004-06-24,USA,https://cdn.nba.com/headshots/nba/latest/1040x760/1642263.png
1627783,Pascal Siakam,Indiana Pacers,Forward,203.2,111.2,1994-04-02,Cameroon,https://cdn.nba.com/headshots/nba/latest/1040x760/1627783.png
1627732,Ben Simmons,LA Clippers,Guard-Forward,208.3,108.9,1996-07-20,Australia,https://cdn.nba.com/headshots/nba/latest/1040x760/1627732.png
1629014,Anfernee Simons,Portland Trail Blazers,Guard,190.5,90.7,1999-06-08,USA,https://cdn.nba.com/headshots/nba/latest/1040x760/1629014.png
1642354,KJ Simpson,Charlotte Hornets,Guard,182.9,85.8,2002-08-08,USA,https://cdn.nba.com/headshots/nba/latest/1040x760/1642354.png
1630579,Jericho Sims,Milwaukee Bucks,Center,208.3,113.4,1998-10-20,USA,https://cdn.nba.com/headshots/nba/latest/1040x760/1630579.png
203935,Marcus Smart,Washington Wizards,Guard,190.5,99.8,1994-03-06,USA,https://cdn.nba.com/headshots/nba/latest/1040x760/203935.png
1630696,Dru Smith,Miami Heat,Guard,188,92.1,1997-12-30,USA,https://cdn.nba.com/headshots/nba/latest/1040x760/1630696.png
1630188,Jalen Smith,Chicago Bulls,Forward-Center,205.7,97.6,2000-03-16,USA,https://cdn.nba.com/headshots/nba/latest/1040x760/1630188.png
1642449,Tolu Smith,Detroit Pistons,Forward,210.8,,2000-07-26,USA,https://cdn.nba.com/headshots/nba/latest/1040x760/1642449.png
1641890,Tyler Smith,Milwaukee Bucks,Forward,205.7,101.6,2004-11-02,USA,https://cdn.nba.com/headshots/nba/latest/1040x760/1641890.png
1631095,Jabari Smith Jr.,Houston Rockets,Forward,208.3,99.8,2003-05-13,USA,https://cdn.nba.com/headshots/nba/latest/1040x760/1631095.png
1641733,Nick Smith Jr.,Charlotte Hornets,Guard,188,83.9,2004-04-18,USA,https://cdn.nba.com/headshots/nba/latest/1040x760/1641733.png
1631110,Jeremy Sochan,San Antonio Spurs,Forward,203.2,104.4,2003-05-20,Poland,https://cdn.nba.com/headshots/nba/latest/1040x760/1631110.png
1642285,Cam Spencer,Memphis Grizzlies,Guard,193,93,2000-04-06,USA,https://cdn.nba.com/headshots/nba/latest/1040x760/1642285.png
1630311,Pat Spencer,Golden State Warriors,Guard,190.5,93,1996-07-04,USA,https://cdn.nba.com/headshots/nba/latest/1040x760/1630311.png
1630531,Jaden Springer,Utah Jazz,Guard,193,91.7,2002-09-25,USA,https://cdn.nba.com/headshots/nba/latest/1040x760/1630531.png
1641815,Isaiah Stevens,Miami Heat,Guard,182.9,83.9,2000-11-01,USA,https://cdn.nba.com/headshots/nba/latest/1040x760/1641815.png
1630191,Isaiah Stewart,Detroit Pistons,Forward-Center,203.2,113.4,2001-05-22,USA,https://cdn.nba.com/headshots/nba/latest/1040x760/1630191.png
1631124,Julian Strawther,Denver Nuggets,Guard,198.1,93,2002-04-18,USA,https://cdn.nba.com/headshots/nba/latest/1040x760/1631124.png
1629622,Max Strus,Cleveland Cavaliers,Guard-Forward,195.6,97.6,1996-03-28,USA,https://cdn.nba.com/headshots/nba/latest/1040x760/1629622.png
1630591,Jalen Suggs,Orlando Magic,Guard,195.6,93,2001-06-03,USA,https://cdn.nba.com/headshots/nba/latest/1040x760/1630591.png
1631306,Cole Swider,,Forward,203.2,99.8,1999-05-08,USA,https://cdn.nba.com/headshots/nba/latest/1040x760/1631306.png
1630256,Jae'Sean Tate,Houston Rockets,Forward,193,104.4,1995-10-28,USA,https://cdn.nba.com/headshots/nba/latest/1040x760/1630256.png
1628369,Jayson Tatum,Boston Celtics,Forward-Guard,203.2,95.3,1998-03-03,USA,https://cdn.nba.com/headshots/nba/latest/1040x760/1628369.png
202066,Garrett Temple,Toronto Raptors,Guard-Forward,195.6,88.5,1986-05-08,USA,https://cdn.nba.com/headshots/nba/latest/1040x760/202066.png
1631207,Dalen Terry,Chicago Bulls,Forward,200.7,88.5,2002-07-12,USA,https://cdn.nba.com/headshots/nba/latest/1040x760/1631207.png
1628464,Daniel Theis,,Forward-Center,203.2,111.2,1992-04-04,Germany,https://cdn.nba.com/headshots/nba/latest/1040x760/1628464.png
1630560,Cam Thomas,Brooklyn Nets,Guard,190.5,95.3,2001-10-13,Japan,https://cdn.nba.com/headshots/nba/latest/1040x760/1630560.png
1641708,Amen Thompson,Houston Rockets,Guard-Forward,200.7,90.7,2003-01-30,USA,https://cdn.nba.com/headshots/nba/latest/1040x760/1641708.png
1641709,Ausar Thompson,Detroit Pistons,Guard-Forward,198.1,93,2003-01-30,USA,https://cdn.nba.com/headshots/nba/latest/1040x760/1641709.png
202691,Klay Thompson,Dallas Mavericks,Guard,195.6,99.8,1990-02-08,USA,https://cdn.nba.com/headshots/nba/latest/1040x760/202691.png
202684,Tristan Thompson,Cleveland Cavaliers,Center-Forward,205.7,115.3,1991-03-13,Canada,https://cdn.nba.com/headshots/nba/latest/1040x760/202684.png
1630550,JT Thor,Cleveland Cavaliers,Forward,205.7,92.1,2002-08-26,USA,https://cdn.nba.com/headshots/nba/latest/1040x760/1630550.png
1629680,Matisse Thybulle,Portland Trail Blazers,Guard-Forward,195.6,91.2,1997-03-04,USA,https://cdn.nba.com/headshots/nba/latest/1040x760/1629680.png
1630214,Xavier Tillman,Boston Celtics,Forward,200.7,111.2,1999-01-12,USA,https://cdn.nba.com/headshots/nba/latest/1040x760/1630214.png
1642260,Nikola Topic,Oklahoma City Thunder,Guard,198.1,90.7,2005-08-10,Serbia,https://cdn.nba.com/headshots/nba/latest/1040x760/1642260.png
1631210,Jacob Toppin,New York Knicks,Forward,203.2,90.7,2000-05-08,USA,https://cdn.nba.com/headshots/nba/latest/1040x760/1631210.png
1630167,Obi Toppin,Indiana Pacers,Forward,205.7,99.8,1998-03-04,USA,https://cdn.nba.com/headshots/nba/latest/1040x760/1630167.png
1626157,Karl-Anthony Towns,New York Knicks,Center-Forward,213.4,112.5,1995-11-15,USA,https://cdn.nba.com/headshots/nba/latest/1040x760/1626157.png
1642422,Armel Traoré,,Forward,205.7,111.2,2003-01-23,France,https://cdn.nba.com/headshots/nba/latest/1040x760/1642422.png
1631247,Luke Travers,Cleveland Cavaliers,Forward,200.7,93.9,2001-09-03,Australia,https://cdn.nba.com/headshots/nba/latest/1040x760/1631247.png
1629018,Gary Trent Jr.,Milwaukee Bucks,Guard,195.6,92.6,1999-01-18,USA,https://cdn.nba.com/headshots/nba/latest/1040x760/1629018.png
1631131,Oscar Tshiebwe,Utah Jazz,Forward-Center,203.2,115.7,1999-11-27,DRC,https://cdn.nba.com/headshots/nba/latest/1040x760/1631131.png
200782,P.J. Tucker,LA Clippers,Forward,195.6,111.2,1985-05-05,USA,https://cdn.nba.com/headshots/nba/latest/1040x760/200782.png
1626167,Myles Turner,Indiana Pacers,Center-Forward,210.8,113.4,1996-03-24,USA,https://cdn.nba.com/headshots/nba/latest/1040x760/1626167.png
1641816,Hunter Tyson,Denver Nuggets,Forward,203.2,97.6,2000-06-13,USA,https://cdn.nba.com/headshots/nba/latest/1040x760/1641816.png
1642281,Jaylon Tyson,Cleveland Cavaliers,Guard-Forward,198.1,97.6,2002-12-02,USA,https://cdn.nba.com/headshots/nba/latest/1040x760/1642281.png
1630649,Stanley Umude,Milwaukee Bucks,Guard,198.1,95.3,1999-04-12,USA,https://cdn.nba.com/headshots/nba/latest/1040x760/1630649.png
202685,Jonas Valanciunas,Sacramento Kings,Center,210.8,120.2,1992-05-06,Lithuania,https://cdn.nba.com/headshots/nba/latest/1040x760/202685.png
1627832,Fred VanVleet,Houston Rockets,Guard,182.9,89.4,1994-02-25,USA,https://cdn.nba.com/headshots/nba/latest/1040x760/1627832.png
1629020,Jarred Vanderbilt,Los Angeles Lakers,Forward,203.2,97.1,1999-04-03,USA,https://cdn.nba.com/headshots/nba/latest/1040x760/1629020.png
1630170,Devin Vassell,San Antonio Spurs,Guard-Forward,195.6,90.7,2000-08-23,USA,https://cdn.nba.com/headshots/nba/latest/1040x760/1630170.png
1629216,Gabe Vincent,Los Angeles Lakers,Guard,188,90.7,1996-06-14,USA,https://cdn.nba.com/headshots/nba/latest/1040x760/1629216.png
1641774,Tristan Vukcevic,Washington Wizards,Forward,208.3,99.8,2003-03-11,Italy,https://cdn.nba.com/headshots/nba/latest/1040x760/1641774.png
202696,Nikola Vucevic,Chicago Bulls,Center,208.3,118,1990-10-24,Montenegro,https://cdn.nba.com/headshots/nba/latest/1040x760/202696.png
1629731,Dean Wade,Cleveland Cavaliers,Forward-Center,205.7,103.5,1996-11-20,USA,https://cdn.nba.com/headshots/nba/latest/1040x760/1629731.png
1630532,Franz Wagner,Orlando Magic,Forward,208.3,99.8,2001-08-27,Germany,https://cdn.nba.com/headshots/nba/latest/1040x760/1630532.png
1629021,Moritz Wagner,Orlando Magic,Forward-Center,210.8,111.2,1997-04-26,Germany,https://cdn.nba.com/headshots/nba/latest/1040x760/1629021.png
1631133,Jabari Walker,Portland Trail Blazers,Forward,200.7,107.5,2002-07-30,USA,https://cdn.nba.com/headshots/nba/latest/1040x760/1631133.png
1641716,Jarace Walker,Indiana Pacers,Forward,200.7,106.6,2003-09-04,USA,https://cdn.nba.com/headshots/nba/latest/1040x760/1641716.png
1641717,Cason Wallace,Oklahoma City Thunder,Guard,190.5,88.5,2003-11-07,USA,https://cdn.nba.com/headshots/nba/latest/1040x760/1641717.png
1630811,Keaton Wallace,Atlanta Hawks,Guard,190.5,83.9,1999-02-26,USA,https://cdn.nba.com/headshots/nba/latest/1040x760/1630811.png
1641775,Jordan Walsh,Boston Celtics,Guard,198.1,93,2004-03-03,USA,https://cdn.nba.com/headshots/nba/latest/1040x760/1641775.png
1642266,Ja'Kobe Walter,Toronto Raptors,Guard,195.6,81.7,2004-09-04,USA,https://cdn.nba.com/headshots/nba/latest/1040x760/1642266.png
1642276,Kel'el Ware,Miami Heat,Center,213.4,104.4,2004-04-20,USA,https://cdn.nba.com/headshots/nba/latest/1040x760/1642276.png
1629023,P.J. Washington,Dallas Mavericks,Forward,198.1,104.4,1998-08-23,USA,https://cdn.nba.com/headshots/nba/latest/1040x760/1629023.png
1631102,TyTy Washington Jr.,Phoenix Suns,Guard,190.5,88.5,2001-11-15,USA,https://cdn.nba.com/headshots/nba/latest/1040x760/1631102.png
1630322,Lindy Waters III,Detroit Pistons,Forward,198.1,95.3,1997-07-28,USA,https://cdn.nba.com/headshots/nba/latest/1040x760/1630322.png
1630570,Trendon Watford,Brooklyn Nets,Guard-Forward,203.2,107.5,2000-11-09,USA,https://cdn.nba.com/headshots/nba/latest/1040x760/1630570.png
1641817,Anton Watson,Boston Celtics,Forward,203.2,102.1,2000-10-06,USA,https://cdn.nba.com/headshots/nba/latest/1040x760/1641817.png
1631212,Peyton Watson,Denver Nuggets,Guard,200.7,90.7,2002-09-11,USA,https://cdn.nba.com/headshots/nba/latest/1040x760/1631212.png
1642377,Jaylen Wells,Memphis Grizzlies,Forward,203.2,,2003-08-26,USA,https://cdn.nba.com/headshots/nba/latest/1040x760/1642377.png
1641705,Victor Wembanyama,San Antonio Spurs,Forward-Center,221,106.6,2004-01-04,France,https://cdn.nba.com/headshots/nba/latest/1040x760/1641705.png
1631104,Blake Wesley,San Antonio Spurs,Guard,190.5,83.9,2003-03-16,USA,https://cdn.nba.com/headshots/nba/latest/1040x760/1631104.png
201566,Russell Westbrook,Denver Nuggets,Guard,193,90.7,1988-11-12,USA,https://cdn.nba.com/headshots/nba/latest/1040x760/201566.png
1629632,Coby White,Chicago Bulls,Guard,195.6,88.5,2000-02-16,USA,https://cdn.nba.com/headshots/nba/latest/1040x760/1629632.png
1628401,Derrick White,Boston Celtics,Guard,193,86.2,1994-07-02,USA,https://cdn.nba.com/headshots/nba/latest/1040x760/1628401.png
1641727,Dariq Whitehead,Brooklyn Nets,Guard-Forward,198.1,99.8,2004-08-01,USA,https://cdn.nba.com/headshots/nba/latest/1040x760/1641727.png
1641715,Cam Whitmore,Houston Rockets,Forward,200.7,104.4,2004-07-08,USA,https://cdn.nba.com/headshots/nba/latest/1040x760/1641715.png
1630598,Aaron Wiggins,Oklahoma City Thunder,Guard,195.6,86.2,1999-01-02,USA,https://cdn.nba.com/headshots/nba/latest/1040x760/1630598.png
203952,Andrew Wiggins,Miami Heat,Forward,200.7,89.4,1995-02-23,Canada,https://cdn.nba.com/headshots/nba/latest/1040x760/203952.png
1631214,Alondes Williams,,Guard,193,95.3,1999-06-19,USA,https://cdn.nba.com/headshots/nba/latest/1040x760/1631214.png
1630314,Brandon Williams,Dallas Mavericks,Guard,185.4,86.2,1999-11-22,USA,https://cdn.nba.com/headshots/nba/latest/1040x760/1630314.png
1642262,Cody Williams,Utah Jazz,Forward,200.7,86.2,2004-11-20,USA,https://cdn.nba.com/headshots/nba/latest/1040x760/1642262.png
1629684,Grant Williams,Charlotte Hornets,Forward,198.1,107.1,1998-11-30,USA,https://cdn.nba.com/headshots/nba/latest/1040x760/1629684.png
1631114,Jalen Williams,Oklahoma City Thunder,Guard-Forward,195.6,95.7,2001-04-14,USA,https://cdn.nba.com/headshots/nba/latest/1040x760/1631114.png
1631119,Jaylin Williams,Oklahoma City Thunder,Forward,205.7,108.9,2002-06-29,USA,https://cdn.nba.com/headshots/nba/latest/1040x760/1631119.png
1629026,Kenrich Williams,Oklahoma City Thunder,Guard-Forward,198.1,95.3,1994-12-02,USA,https://cdn.nba.com/headshots/nba/latest/1040x760/1629026.png
1631109,Mark Williams,Charlotte Hornets,Center,213.4,108.9,2001-12-16,USA,https://cdn.nba.com/headshots/nba/latest/1040x760/1631109.png
1631466,Nate Williams,Houston Rockets,Guard,195.6,93,1999-02-12,USA,https://cdn.nba.com/headshots/nba/latest/1040x760/1631466.png
1630172,Patrick Williams,Chicago Bulls,Forward,200.7,97.6,2001-08-26,USA,https://cdn.nba.com/headshots/nba/latest/1040x760/1630172.png
1630533,Ziaire Williams,Brooklyn Nets,Forward,205.7,83.9,2001-09-12,USA,https://cdn.nba.com/headshots/nba/latest/1040x760/1630533.png
1629057,Robert Williams III,Portland Trail Blazers,Center-Forward,205.7,113,1997-10-17,USA,https://cdn.nba.com/headshots/nba/latest/1040x760/1629057.png
1631246,Vince Williams Jr.,Memphis Grizzlies,Guard,193,93,2000-08-30,USA,https://cdn.nba.com/headshots/nba/latest/1040x760/1631246.png
1629627,Zion Williamson,New Orleans Pelicans,Forward,198.1,128.9,2000-07-06,USA,https://cdn.nba.com/headshots/nba/latest/1040x760/1629627.png
1630592,Jalen Wilson,Brooklyn Nets,Forward,198.1,99.8,2000-11-04,USA,https://cdn.nba.com/headshots/nba/latest/1040x760/1630592.png
1630164,James Wiseman,,Center,210.8,108.9,2001-03-31,USA,https://cdn.nba.com/headshots/nba/latest/1040x760/1630164.png
1631209,Isaiah Wong,,Guard,190.5,83.9,2001-01-28,USA,https://cdn.nba.com/headshots/nba/latest/1040x760/1631209.png
1626174,Christian Wood,Los Angeles Lakers,Forward,203.2,97.1,1995-09-27,USA,https://cdn.nba.com/headshots/nba/latest/1040x760/1626174.png
1626153,Delon Wright,New York Knicks,Guard,195.6,83.9,1992-04-26,USA,https://cdn.nba.com/headshots/nba/latest/1040x760/1626153.png
1627824,Guerschon Yabusele,Philadelphia 76ers,Forward,203.2,120.2,1995-12-17,France,https://cdn.nba.com/headshots/nba/latest/1040x760/1627824.png
1642385,Cui Yongxi,,Forward,195.6,86.2,2003-05-28,China,https://cdn.nba.com/headshots/nba/latest/1040x760/1642385.png
1629027,Trae Young,Atlanta Hawks,Guard,185.4,74.4,1998-09-19,USA,https://cdn.nba.com/headshots/nba/latest/1040x760/1629027.png
203469,Cody Zeller,Houston Rockets,Forward-Center,210.8,108.9,1992-10-05,USA,https://cdn.nba.com/headshots/nba/latest/1040x760/203469.png
1627826,Ivica Zubac,LA Clippers,Center,213.4,108.9,1997-03-18,Croatia,https://cdn.nba.com/headshots/nba/latest/1040x760/1627826.png
1641783,Tristan da Silva,Orlando Magic,Forward,203.2,98.5,2001-05-15,Germany,https://cdn.nba.com/headshots/nba/latest/1040x760/1641783.png
1628427,Vlatko Cancar,Denver Nuggets,Forward,203.2,107.1,1997-04-10,Slovenia,https://cdn.nba.com/headshots/nba/latest/1040x760/1628427.png
203967,Dario Saric,Denver Nuggets,Forward-Center,208.3,102.1,1994-04-08,Croatia,https://cdn.nba.com/headshots/nba/latest/1040x760/203967.png
